"iso","Days_Until_All_Vulnerable_Vacc_Elig","Percent_One_Dose_As_Of_Nov_1","Days_Until_Masks_Recommended","Days_Until_Masks_Required","Total_Days_Masks_Required_Public","Total_Days_Masks_At_Least_Recommended","Days_Until_Workplace_Closures_Except_Key","Total_Days_Workplace_Closures_Except_Key","Total_Days_Workplace_Closures_Recommended","Total_Days_Stay_At_Home_Required_Except_Essentials","Total_Days_Comprehensive_Contact_Tracing","Avg_Gov_Stringency_Index","Days_Until_Testing_Key_Groups","Total_Days_Open_Public_Testing","Total_Days_Over_1_Test_Per_Thousand","Obese_Adult_Percentage","Hospital_Beds_Per_1000","Nurses_And_Midwives_Per_1000","Percent_Using_Internet","Population","People_Per_Sq_Km_of_Land","Percent_Ppl_Poor_Air_Quality","GDP_Per_Capita","Health_Expenditure_Per_Capita","Percent_Health_Expenditure_Private","Age_65_Older_Percent","Ages_15_To_64_Percent","Ages_0_To_14_Percent","Govt_Swiftness_Stringency","Govt_Persistent_Stringency","Region.Name","Sub.region.Name","excess_death","V1","Trust_Covid_Advice_Govt","Trust_In_Neighborhood","Vaccines_Safe_50Plus","Confidence_In_Hospitals","Trust_In_Govt","Trust_In_Journalists"
"ALB",155.5,35.29,8,96.5,360,615,156.5,0,600,434,423,57.1717560975607,97,157,185,22.3,2.89,5.088,72.24,2837849,103.571131386861,99.9999999999643,5246.09634560989,274.91409302,44.65778351,14.7045813168893,68.0595608376824,17.2358578454283,-0.296316505148248,0.784257583897565,"Europe","Southern Europe",12349,"Albania",0.574848786075707,0.656109916875609,0.607794512347783,0.598346534338521,0.464441140665423,0.54542503774856
"ARG",95.5,76.88,63,33.5,555,566,29.5,137,592,561,607,72.3652388059696,87.5,0,232,28.5,4.99,2.5996,85.5,45376763,16.580892611147,93.8528246666324,8579.01777315683,945.99194336,37.38851166,11.3665118336064,64.1981770242501,24.4353111421435,1.29869042419275,1.62570970926491,"Americas","Latin America and the Caribbean",86691,"Argentina",0.660546891001258,0.73923786615303,0.892136110148639,0.780123895691318,0.319240707225147,0.481672136514619
"AUS",62.5,73.88,145,106,329,476,112,184,588,334,646,60.5675038759691,18,192,529,30.4,3.84,13.2416,89.6,25693267,3.34024963533636,24.8935837696774,51680.3165229438,5427.46240234,28.31803894,16.2130580672445,64.4945169162338,19.2924250165216,-0.380802846100671,1.15454918203374,"Oceania","Australia and New Zealand",-14142,"Australia",0.888586332973549,0.897074121363358,0.837188294358096,0.847146354713917,0.469792388942281,0.542131157414622
"AUT",27.5,66.19,32,122.5,413,579,9,125,599,257,581,61.9462113821137,37.5,369,442,21.9,7.27,7.0891,87.52942813,8916864,108.057004362579,85.0515376653505,48588.6593847921,5242.18310547,26.99225616,19.2040036427437,66.3838195913616,14.4121767658946,1.64755729016307,1.60918782628298,"Europe","Western Europe",10852,"Austria",0.81915461238738,0.885968840236928,0.573539606108091,0.856089512741749,0.595141108866135,0.704417349320135
"BEL",101,75.34,84,102,432,556,22.5,83,598,307,548,55.3487264150943,78,190,543,24.5,5.58,11.808,91.52641629,11544241,381.249702774108,91.9485403518636,45205.3359408051,4960.39355469,23.22304344,19.2542328598609,63.711796319863,17.033970820276,0.48064617261624,1.26658869202649,"Europe","Western Europe",16970,"Belgium",0.754846608576629,0.885635678187798,0.660493790945376,0.881772399969651,0.534546556043928,0.631683623606154
"BEN",76,1.92,54.5,24,572,572,156.5,0,370,0,533,42.3819663865545,97,0,0,8.2,0.5,0.3029,25.8,12123198,107.513284852785,100,1291.04097215441,29.12529182,53.01073074,3.27846608156262,54.776956579121,41.9445773393164,0.330410412458062,-0.698267307196905,"Africa","Sub-Saharan Africa",11600,"Benin",0.689984443538041,0.457791234366511,0.889939718681731,0.650507281759844,0.424117159164334,0.430076898599033
"BFA",163,1.51,90,53,511,553,156.5,0,54,106,489,31.9578036605656,43,290,0,4.5,0.4,0.9272,22,20903278,76.4008698830409,100,857.932729650223,42.3445282,42.38819504,2.41102912448209,53.218670588094,44.3703002874239,-0.341771929799124,-1.31595196006861,"Africa","Sub-Saharan Africa",21154,"Burkina Faso",0.679411884545618,0.637369460337086,0.679587074676116,0.714867025813886,0.546611032034501,0.577789814459529
"BGD",81.5,25.13,127,81,520,520,29.5,361,592,546,136,77.0436815920403,78,279,0,3.4,0.79,0.3916,24.8,164689383,1265.18693247292,100,1961.6137487886,45.85716248,75.25727081,5.22700361322017,68.0184550815883,26.7545413051915,0.258491456643052,1.71607318258263,"Asia","Southern Asia",138530,"Bangladesh",0.827148604522701,0.883625325490718,0.960034305673831,0.846558799874671,0.855995742530358,0.780037394383166
"BGR",15,22.23,27.5,6.5,338,581,118,17,598,37,459,47.8438640132671,97,97,338,27.4,7.45,4.7853,70.16,6934015,63.8726510685335,99.8946743201431,10079.2033812203,697.8963623,40.8441391,21.4679255574449,63.8526029924681,14.679471450087,1.45866881865444,0.0745543672815161,"Europe","Eastern Europe",53883,"Bulgaria",0.640642347494142,0.763626827479485,0.412711996429622,0.583399993460074,0.318784932610561,0.454137675894087
"BOL",154,38.55,101,84,518,549,49.5,96,404,371,41,58.205233333333,160.5,146,19,18.7,1.29,1.5589,59.94010155,11673029,10.7754352441614,99.9991320215104,3133.09980321504,245.92347717,27.63630486,7.48720489751539,62.3098424992125,30.2029526032721,-0.695740634415531,-0.212679597924816,"Americas","Latin America and the Caribbean",78460,"Bolivia",0.56743051068215,0.587114345101806,0.765276009002593,0.557020343919657,0.498721038302295,0.553432893379632
"BRA",15,74.58,11,31,569,609,16,369,598,531,306,64.6948697068407,11.5,61,91,22.3,2.09,7.4008,81.34269353,212559409,25.4314248146119,68.1350300575805,6796.84454227877,853.38793945,59.11333466,9.59227461561959,69.6985262243169,20.7091991600636,3.02347329751025,2.19028911737871,"Americas","Latin America and the Caribbean",669508,"Brazil",0.57653574792661,0.513558679758423,0.850825768629274,0.618145091184187,0.145014761907341,0.539823469853121
"CAN",17,78.42,75.5,108,457,560,22.5,364,593,320,97,65.0509567901235,18,0,506,31.3,2.52,11.812,96.97,38037204,4.24257678524224,0,43258.2638715601,5048.37255859,29.83252716,18.1043615051754,66.1203862397467,15.775252255078,1.40679621565071,1.4141510750683,"Americas","Northern America",20718,"Canada",0.877407066054676,0.827188146398895,0.774627529578895,0.824237413962427,0.650873835772312,0.707670419584279
"CHE",108,65.87,97,124,256,550,16,60,594,0,539,50.9408617886176,60.5,326,441,21.2,4.63,17.8949,94.2,8636561,218.558417938239,49.3001362303515,87100.4148213751,9666.33789063,67.89052582,19.0975411751085,65.94382747161,14.9586313532815,0.280577235172553,0.383686491998741,"Europe","Western Europe",8050,"Switzerland",0.856857952218066,0.882990653780102,0.58075693382411,0.897311129325568,0.81469820646059,0.669203756683498
"CHL",39,85.89,54.5,145.5,196,572,9,540,595,555,581,73.5882982171795,149.5,293,460,28.8,2.06,13.3248,88.3,19116209,25.710001721513,97.6630177077565,13231.7042069381,1375.80297852,49.08281326,12.2426574192226,68.5186141325884,19.2387284481891,0.203650421680977,2.90324584156459,"Americas","Latin America and the Caribbean",36662,"Chile",0.605899936750192,0.657563548507491,0.780054929314703,0.639541275937038,0.43262791468338,0.460310046795664
"CIV",43,8.55,59,28.5,571,571,156.5,0,134,0,284,34.0619166666667,121.5,68,0,9,0.274917337516357,0.6556,36.28895457,26378275,82.9505503144654,100,2325.72370502247,75.08779144,55.6829567,2.88256919311703,55.6089568256058,41.5084739812772,0.197853178145739,-1.62679426909437,"Africa","Sub-Saharan Africa",24428,"Ivory Coast",0.598783426342919,0.374784245032166,0.777978299815798,0.57734288600031,0.337755819982447,0.348482926176515
"CMR",161,1.53,62,32,567,567,156.5,0,163,0,0,41.3269917355372,158.5,70,0,9.5,1.3,0.5267,37.8,26545864,56.1567641894608,100,1537.13021832773,53.99584961,82.43981934,2.7161558092875,55.2199112908855,42.063932899827,-0.745797036245852,-1.89801945438659,"Africa","Sub-Saharan Africa",33905,"Cameroon",0.531335090356144,0.442574479571174,0.823226481759996,0.669175727979518,0.512450923093182,0.485835768593076
"COL",123.5,58.85,43.5,20,357,576,56.5,231,616,458,515,69.4843966942155,33.5,14,189,22.1,1.71,1.18357320910727,69.79,50882884,45.8610941865705,92.1046289822956,5334.55604233917,495.32971191,28.11552811,9.06056222316456,68.7558672717712,22.1835705050643,1.7000648094663,1.35574627515851,"Americas","Latin America and the Caribbean",161164,"Colombia",0.709472579189566,0.576225762996437,0.843110796033886,0.532743289458978,0.304016299481521,0.484866452636632
"CRI",8,70,138,138,364,497,99.5,39,601,0,169,61.3441983471073,10,166,168,25.7,1.1,3.4144,80.53018608,5094114,99.7672150411281,99.6887933668832,12140.8541545754,921.58575439,27.46307182,10.2530997515173,68.9188785968444,20.8280216516382,-0.187150608732849,-0.63064902977456,"Americas","Latin America and the Caribbean",9484,"Costa Rica",0.759619922946277,0.680910434661097,0.884195938500436,0.746916033052144,0.596242833055668,0.659590899252266
"CYP",18,67.56,135,107,389,506,101.5,215,526,288,564,65.4967827529025,145.5,569,570,22.6,3.4,4.0345,90.80194723,1207361,130.666774891775,100,27527.8453055825,1996.45825195,43.29400635,14.4088046720155,69.0140215130711,16.5771738149134,-0.999547036830795,1.76742769961985,"Asia","Western Asia",1039,"Cyprus",0.758716179630352,0.739269190639822,0.7016071732473,0.497239066644795,0.473697779685663,0.463793165663198
"CZE",58,58.27,20,2,335,593,3.5,37,598,168,610,54.2857704918031,100,320,419,28.5,6.62,8.4246,81.33889705,10697858,138.57329015544,99.6772126159304,22933.4995909236,1844.21777344,18.5015831,20.1429902620987,64.1014583927266,15.7555513451747,2.41353283750762,1.00654967514753,"Europe","Eastern Europe",33585,"Czech Republic",0.725912903638009,0.78817537053698,0.682660749111151,0.799532357364471,0.465096854726612,0.447557376039199
"DEU",36,69.91,32,169.5,0,579,119,75,589,229,423,61.7874378881988,24,422,451,25.7,8,13.4858,89.81294133,83160871,238.024131318335,89.1743564300489,46252.6893044892,5440.25146484,22.27397156,21.6874493682811,64.3569551788337,13.9555954528852,0.212889073321373,0.42793354691797,"Europe","Western Europe",173352,"Germany",0.865263436567479,0.855360080394905,0.667846939396915,0.660331461841588,0.41245057699317,0.662263265113441
"DNK",9,76.56,143,157,59,480,122,47,600,0,93,50.3746551724138,108.5,538,558,21.3,2.6,10.5515,96.54914573,5831404,145.7851,56.9144561104444,61063.3164304238,6003.32519531,16.71035385,20.1639894465007,63.554275213468,16.2817353400313,-1.44736463907721,-0.449034453202656,"Europe","Northern Europe",2955,"Denmark",0.88260433930568,0.914751080426577,0.692488577888549,0.903066145454559,0.700463275703086,0.696179141739836
"DOM",125,61.42,101,58.5,549,549,29.5,62,592,519,0,70.200213114754,141.5,166,0,26.9,1.56,1.4594,76.9,10847904,224.547795487477,99.9134426224712,7268.1969096591,491.05935669,54.26577377,7.52769888393248,65.0329602660789,27.4393408499886,0.0469462480760619,0.528351889136042,"Americas","Latin America and the Caribbean",11436,"Dominican Republic",0.814074335019432,0.700064523759875,0.922243159196794,0.633994429059892,0.549762998819893,0.660415887302277
"DZA",20,14.26,81.5,48.5,527,527,78.5,25,588,576,491,66.2937398373984,141.5,0,0,26.6,1.9,1.5477,62.9,43851043,18.4113398560129,100,3306.85820838104,248.20587158,34.95557785,6.74292726075119,62.4735570719822,30.7835156672667,0.420278493375377,0.672844107430937,"Africa","Northern Africa",68542,"Algeria",0.744289117751172,0.653352275384414,0.651149603284311,0.432585449849581,0.380593098008246,0.410765231287201
"ECU",88,70.61,18,16.5,543,595,16,122,594,245,174,67.0155409836063,133,164,0,19.3,1.39,2.5059,64.6,17643060,71.0382509260751,98.3156239365569,5600.38961495341,486.49215698,38.12518692,7.59109505644544,65.0169806202486,27.3919243233059,1.75704581667761,0.677883518374715,"Americas","Latin America and the Caribbean",79514,"Ecuador",0.502764115813935,0.590938084858165,0.857812147498127,0.624819478511398,0.493832113101741,0.535800122119648
"ESP",131,81.37,106.5,73.5,432,546,78.5,53,602,386,24,59.8308137715179,14,102,460,27.1,2.97,6.0795,93.20564892,47363419,94.8020199835318,41.115549425172,27056.4217512166,2711.19287109,29.38047409,19.9776116999208,65.6229209344123,14.3994673656669,0.38126772374476,0.427161965341176,"Europe","Southern Europe",102550,"Spain",0.616825838714286,0.833666213277567,0.834734905517275,0.867302021571199,0.627098997155072,0.58981815527691
"EST",51,60.03,113.5,164.5,0,542,64,98,479,56,103,39.6953532182105,111.5,35,461,23.8,4.57,6.6316,89.05828666,1329479,30.5838279273062,0,23054.3584905978,1598.81884766,25.56273651,20.3732279962459,63.1286019592397,16.4981700445145,-0.894914451670592,-1.25546353188504,"Europe","Northern Europe",3077,"Estonia",0.846359500203578,0.81089797708777,0.497848940319457,0.780315155148206,0.525099443061709,0.499450426355717
"ETH",72.5,2.98,54.5,24,572,572,156.5,0,586,0,112,56.6471906354513,53.5,223,0,3.6,0.33,0.7135,24,114963583,101.800711323583,100,936.340461064749,26.74220467,43.19190979,3.53689378588288,56.5454698578127,39.9176363563044,0.699485107268641,-0.188134199537954,"Africa","Sub-Saharan Africa",100265,"Ethiopia",0.915878465191394,0.880593170134326,0.968345787238278,0.821014908725165,0.650617366343123,0.542348455169351
"FIN",39,76.29,157,169.5,0,445,156.5,0,599,0,93,43.5131775700934,67.5,0,453,24.9,3.61,14.8773,92.17,5529543,18.194074098447,0,48755.3550062906,4450.30273438,19.82653046,22.5544875034292,61.5803902741882,15.8651222223827,-1.8625862299152,-1.81324853875041,"Europe","Northern Europe",2581,"Finland",0.927448888639145,0.917323470741231,0.768123074061016,0.889074559035225,0.923412979383829,0.806009646512362
"FRA",25,76.84,3,99,408,649,16,133,594,301,0,60.3104945904174,18,464,468,23.2,5.91,11.4707,84.8,67379908,123.055513855179,78.2135639205549,39037.1226309074,4491.73535156,24.68828201,20.7534554101127,61.5928887293959,17.6536558604914,2.31012350118303,1.47754839221782,"Europe","Western Europe",76358,"France",0.734230382781634,0.848543251568319,0.479941605763375,0.857325820272729,0.614529399679855,0.466323682386266
"GAB",167,5.53,139.5,94,488,488,97.5,15,536,590,351,70.0643383584588,111.5,514,87,13.4,6.3,2.946,62,2225728,8.63790119144642,100,6881.71519231831,215.01914978,39.1208992,3.52881341615845,59.2072997042773,37.2638868795642,-1.32951766439976,0.95386381251287,"Africa","Sub-Saharan Africa",1527,"Gabon",0.620143020772614,0.308702164997583,0.646977436406951,0.556731756284891,0.458809232686919,0.298993748946744
"GBR",1,73.29,93.5,115.5,441,552,44,187,595,180,131,61.4300312500002,8,0,545,29.5,2.46,10.2922,94.81820132,67215293,277.829508535527,66.5332490328298,41059.1688090547,4312.88916016,20.51708603,18.6533467108562,63.6693780696586,17.6772752194852,1.0934021786126,0.607021751927149,"Europe","Northern Europe",146571,"United Kingdom",0.711232397302385,0.879926584326984,0.764377909698071,0.82467864318496,0.51022832543377,0.465358564819213
"GEO",149.5,25.47,69,145.5,267,563,29.5,39,544,311,599,62.8748045602608,67.5,0,323,23.3,2.89,5.2162,72.53158402,3722716,65.1302704783232,100,4256.70118558798,291.12203979,58.65617371,15.2533097762014,64.5262782931875,20.2204119306111,-0.019680692303767,0.21399382059434,"Asia","Western Asia",21097,"Georgia",0.795433911298244,0.887170966280974,0.685098609886075,0.646435713167748,0.212346748388933,0.622128090275384
"GHA",81.5,6.77,101,91,505,549,78.5,21,581,20,540,47.1350083752095,125.5,387,0,9.7,0.9,2.711,58,31072945,136.560363013097,100,2205.5290158584,75.28166199,48.48457718,3.14034977057208,59.7284936668368,37.1311565625911,-0.39955070581436,0.421397409686551,"Africa","Sub-Saharan Africa",19737,"Ghana",0.816519667146268,0.749278767973571,0.891831493236742,0.850802258340892,0.535651878682681,0.745381974332711
"GIN",43,11.22,71,40,562,562,110,19,584,581,259,60.4813377926421,28.5,223,0,6.6,0.3,0.1238,26,13132792,53.446166368224,100,1194.03786469445,43.03782272,66.67956543,2.95231898464874,53.9987260899146,43.0489549254367,1.13235095577378,0.943899556520692,"Africa","Sub-Saharan Africa",12038,"Guinea",0.520584238967669,0.685603595312698,0.816539138281262,0.676386666876573,0.381697269435687,0.660900622337638
"GRC",12,64.02,93.5,127,315,552,124,79,599,323,520,68.4063533225282,162,407,454,27.4,4.2,3.7019,78.11584474,10700556,83.0143987587277,99.9999999998588,17647.2326882744,1500.5949707,51.7366066,22.2843899686215,64.0596892235232,13.6559208078554,-1.0659232401206,1.24229439079809,"Europe","Southern Europe",17088,"Greece",0.754612424822273,0.691683757941881,0.788988933049382,0.749772599548489,0.658430986941508,0.115407564623481
"HRV",95.5,46.84,145,95,448,476,37,38,522,49,376,46.7945691056909,40,445,388,27.1,5.54,6.192,78.32093274,4047680,71.5264180950698,99.7796052732656,14132.4865609499,1040.08569336,18.44828796,21.2522352382927,64.2062014480422,14.5415633136651,0.0882334847523387,0.164714458690878,"Europe","Southern Europe",15126,"Croatia",0.633868091192313,0.721753573413378,0.588029746957037,0.819366526902217,0.346968944094504,0.596479073642157
"HUN",26,61.81,90,152,71,553,126,30,474,288,320,54.560789473684,75,125,336,28.6,7.01,5.2593,84.77115202,9750149,106.839239535393,100,15980.1082258832,1062.39416504,32.01777649,20.1631079450426,65.4282334047697,14.4086586501878,-0.667645072870458,-0.641457160107599,"Europe","Eastern Europe",32236,"Hungary",0.790867574509396,0.868412135986334,0.836107749037592,0.521240492934202,0.450541181433825,0.340150259842533
"IDN",160,43.3,47.5,16.5,574,575,95.5,87,596,484,231,66.09960591133,56,246,0,6.9,1.04,3.807,53.72649449,273523621,145.683543548694,95.5671472610627,3869.58842704537,120.12496185,50.50718689,6.26251338481323,67.8014803219093,25.9360062932775,0.971002175300675,1.13139881785385,"Asia","South-eastern Asia",1024785,"Indonesia",0.735671505413732,0.77221830770956,0.837597114826089,0.862487315143433,0.771511119555605,0.543018158312276
"IND",39,52.64,37,28.5,571,578,44,270,595,589,337,71.1938533541343,18,151,171,3.8,0.53,2.3885,43,1380004385,464.149410229417,100,1927.70782309335,63.74832153,66.37770081,6.57388867644794,67.2654998846254,26.1606114389267,2.33689900277107,2.06377339157243,"Asia","Southern Asia",4599800,"India",0.69295149191022,0.835189515006583,0.95368655418358,0.866288517174357,0.58420207474007,0.725086843391556
"IRL",54,77.44,147,147,304,473,64,274,599,244,486,64.6758428805236,63.5,0,506,26.9,2.97,13.0118,91.99989097,4985674,72.3715198141965,0.274091678859734,85422.5428682266,5428.58886719,25.42202377,14.5779505227647,64.5897776857887,20.8322717914466,-0.706063335751311,0.767330605629181,"Europe","Northern Europe",2861,"Ireland",0.89909748538926,0.935062610422627,0.769214856701166,0.674506287833374,0.293912424611881,0.718837847603837
"IRN",67,61.39,141,130,347,484,49.5,391,573,310,142,65.4372946859905,167,41,168,25.5,1.56,2.0766,84.11087002,83992953,51.5686491564135,100,2422.48065682777,470.43460083,50.48118973,6.56435458647845,68.6909492843262,24.7446961291953,-1.23252199003456,0.653854706966765,"Asia","Southern Asia",233179,"Iran",0.695316246142826,0.840399562383824,0.852023390889239,0.64502538513173,0.725442159729355,0.541752183754837
"IRQ",43,14.32,75.5,44,560,560,16,74,594,451,0,73.5141396103895,60.5,251,111,27.4,1.32,2.0448,60,40222503,92.6512526259536,100,4145.86293637602,253.31463623,50.09696579,3.44273041454691,58.8435231998176,37.7137463856355,1.65426637924278,0.770139370669261,"Asia","Western Asia",65502,"Iraq",0.574260803359351,0.844335127171492,0.931586596828626,0.403102762164979,0.665146664272737,0.54917617831997
"ISR",3,67.39,32,8.5,382,579,85,103,586,258,477,61.049177419355,11.5,218,524,26.7,2.98,6.6047,90.12734091,9215100,425.836414048059,100,44177.5712248445,3456.38696289,33.1367569,12.4143452715517,59.7571842757265,27.8284704527219,2.44527245691051,1.15689809988963,"Asia","Western Asia",6309,"Israel",0.748644533249517,0.753240067637362,0.799393513047345,0.794158726406755,0.671466391822558,0.520670125771346
"ITA",109,77.33,43.5,12.5,512,576,2,247,618,598,640,71.3570781250005,33.5,298,457,22.9,3.14,5.8867,70.48342785,59449527,199.675971517818,94.7772139982593,31769.9658684833,2905.5,26.08068275,23.3018929993944,63.710816474514,12.9872905260916,2.35289103792176,2.80427246211738,"Europe","Southern Europe",158160,"Italy",0.800509550333556,0.769958581130943,0.754115024999189,0.783831654617978,0.606301170214045,0.462790734475797
"JOR",10,38.47,159,134,201,443,22.5,34,473,437,18,62.7452631578947,91.5,196,332,33.4,1.47,3.347,66.1,10203140,114.926109484118,100,4282.76582461621,334.04421997,45.69065094,3.95369697193039,63.192456357037,32.8538466710326,-0.330518571252285,-0.86805642830389,"Asia","Western Asia",10987,"Jordan",0.768578682910931,0.673640728285793,0.877002226841071,0.619567946320531,0.509490462472517,0.438559555963517
"JPN",147,79.02,9.5,141.5,7,610,156.5,0,495,0,126,41.3618181818183,6,0,9,4.4,12.98,12.6978,90.21945812,125836021,345.229138545953,76.7615082281987,40193.2524448357,4360.47363281,16.1432457,28.3972730704411,59.1541701977256,12.4485567318333,0.0025411959771896,-1.76438152187561,"Asia","Eastern Asia",-15522,"Japan",0.652006813677773,0.825429314701723,0.371899176790501,0.855078158082524,0.356472159973209,0.496380824614924
"KAZ",106.5,43.65,4,76.5,525,647,78.5,51,581,281,185,71.7676923076921,33.5,151,285,21.3,6.06,7.2936,85.94259898,18754440,6.94686076230692,87.4142305282549,9122.23343021644,272.96524048,40.06171799,7.9028021260597,62.9530247236643,29.144173150276,1.4284618668379,0.923610519754772,"Asia","Central Asia",73147,"Kazakhstan",0.737013885704588,0.856723222854806,0.47807168860429,0.720538819064851,0.588952988413544,0.582451213422574
"KEN",165,6.71,43.5,12.5,523,576,156.5,0,596,572,404,64.8242148760329,121.5,61,0,6,1.4,1.1656,29.5,53771300,94.4781600309238,100,1878.58070251348,83.41162872,35.51103973,2.50918631382811,58.9012100433659,38.589603642806,-0.0639444627068192,0.809992280692117,"Africa","Sub-Saharan Africa",28742,"Kenya",0.772135091774373,0.730624748409966,0.909409280411088,0.730849509971411,0.71389298982311,0.736807080210101
"KOR",67,80.5,15.5,131,384,596,91.5,14,616,28,629,52.9364252696458,9,449,317,4.9,12.43,7.4625,96.50505968,51836239,531.54469852338,100,31597.5046490718,2624.53320313,40.47150421,15.7909063699764,71.6662845332923,12.5428090967313,1.0133813774946,0.989368123268074,"Asia","Eastern Asia",2484,"South Korea",0.761921980488226,0.763208519426487,0.543887579741099,0.689410290368909,0.422131017570028,0.302245558343411
"LAO",111.5,44.07,5,6.5,559,637,78.5,53,445,148,456,46.9111243611584,125.5,0,0,4.5,1.5,0.7171,33.8,7275556,31.5232062391681,100,2629.71458287115,68.22131348,41.85754776,4.25917730044148,63.7935911462485,31.94723155331,1.36837964164701,0.130507242741857,"Asia","South-eastern Asia",1101,"Laos",0.752811004984165,0.64895421827808,0.984208262941951,0.80315368976054,0.633418017354409,0.61617717376616
"LBN",67,26.08,15.5,78.5,511,596,22.5,60,573,448,0,70.4108400646202,46,133,41,31.3,2.73,1.6735,84.1,6825442,667.198631476051,100,4649.54764607837,663.05108643,50.12977219,7.54904625266191,67.3821560352475,25.0687977120906,1.89306951407442,0.467493622416411,"Asia","Western Asia",17241,"Lebanon",0.432270984911119,0.731104373616441,0.873209898785535,0.672794122475138,0.29595281600174,0.502403914295518
"LKA",88,71,121,72,530,530,9,188,378,411,634,62.5587732919251,45,302,66,5.4,4.15,2.2604,35,21919000,354.309452993664,45.5384172591341,3680.67347661745,160.69696045,51.41779327,11.2328586848264,65.0822908751493,23.6848504400243,0.841645500361678,1.00924648546943,"Asia","Southern Asia",-9565,"Sri Lanka",0.899287391607552,0.832899646235192,0.93471543768219,0.872580669112955,0.323160468438788,0.722873708563986
"LTU",130,67.37,154.5,111.5,160,451,9,100,530,124,491,49.871931260229,28.5,92,538,28.4,6.43,9.4452,83.05555096,2794885,44.6253392942679,95.9998593070447,20232.3020358588,1369.97949219,34.55065536,20.6179799426145,63.9040895364159,15.4779305209697,-0.000649664173112685,-0.43908951693489,"Europe","Northern Europe",16254,"Lithuania",0.698835556207006,0.801458292792725,0.532216804814044,0.740272097962817,0.37765551483834,0.55973602710988
"MAR",81.5,64.8,50.5,20,573,573,37,83,591,549,41,68.2823538704578,82,284,15,25.6,1,1.3887,84.12036305,36910558,82.7034685189334,100,3058.69168866957,174.22377014,59.4057312,7.60664427741004,65.6253630397371,26.7679926828528,1.61692166987733,1.04622993718546,"Africa","Northern Africa",34474,"Morocco",0.501252438719721,0.773374059190336,0.756270137914586,0.296665273749658,0.431489110701347,0.417448087551363
"MDA",128,21.98,119,144,292,535,125,56,600,178,249,59.3312603648423,108.5,150,211,20.1,5.66,3.9329,76.12451989,2620495,91.2355556483986,100,4547.05972064671,284.30712891,36.91240311,12.4930248492611,71.6186539142774,15.8883212364615,-1.66059582807364,-0.145114701790863,"Europe","Eastern Europe",16400,"Moldova",0.536375668204459,0.644204761525849,0.413384431131677,0.676234263673984,0.370806167331629,0.435054770325979
"MEX",122,57.28,69,39,563,563,60,285,585,372,224,54.8032537313428,158.5,0,0,28.4,0.98,2.3646,71.96819405,128932753,66.3251385066488,99.6561265475774,8329.27131263927,540.37231445,50.69227982,7.61810383432982,66.5466307075596,25.8352654581106,0.190394519627309,1.10859912502727,"Americas","Latin America and the Caribbean",629876,"Mexico",0.684334528099698,0.642633302928103,0.849678752909808,0.712577826892768,0.516148756871035,0.551010921452508
"MLI",81.5,1.55,115,66,541,541,120,52,564,0,552,47.6355802047782,166,187,0,7.1,0.1,0.4408,27.4,20250834,16.5964595677722,100,862.453018770252,34.28177643,32.89606094,2.47715242133496,50.5155466938076,47.0073008848574,-1.00726174019454,0.182995504187579,"Africa","Sub-Saharan Africa",26252,"Mali",0.663244275351807,0.803376437710594,0.634968558614264,0.768926026607301,0.751715793028896,0.555478269813655
"MLT",19,83.37,106.5,117.5,440,546,127,46,462,69,646,53.9957920792079,18,586,462,31,4.49,9.4833,86.85876416,515332,1610.4125,100,28423.200204148,2531.91088867,36.8813324,21.3238574725451,64.3022310397855,14.3739114876694,-0.00653162901939675,0.946093922948897,"Europe","Southern Europe",468,"Malta",0.849360416086882,0.79465079746285,0.860333962633911,0.918588846287692,0.487818018133469,0.591525750042774
"MMR",158,24.17,118,68,537,537,95.5,246,585,566,170,75.7470034246574,136.5,235,0,5.7,1.04,1.0821,35.1,54409794,83.3496131987316,100,1467.60428115143,60.01587296,75.95656586,6.23608798414991,68.2783175089782,25.4855945068719,-0.967926363957945,1.42810405168834,"Asia","South-eastern Asia",43155,"Myanmar",0.940638567365706,0.816181586007183,0.95522284817801,0.87689213361392,0.724527082831137,0.651319156236532
"MNG",117,67.75,2,140,354,661,106,91,644,157,447,63.5388851913478,26,202,339,19.6,8,4.2136,62.50002848,3278292,2.10517352649373,97.0139805896742,4060.95051770038,163.44186401,38.24585342,4.31230916117854,64.5947429910106,31.0929478478109,0.552067857561544,1.20310296259175,"Asia","Eastern Asia",-360,"Mongolia",0.7319723917491,0.747232830255301,0.799824481316837,0.601949575789602,0.264657807317745,0.599829454346574
"MUS",32,70.8,84,50.5,465,556,37,108,323,114,543,46.5974873524452,128.5,431,0,11.5,3.4,3.5152,64.88490358,1265740,623.51724137931,100,8627.84315711981,685.94561768,52.66551971,12.520129457574,70.6951267841304,16.7847437582955,0.80368462744787,0.0906450328557275,"Africa","Sub-Saharan Africa",503,"Mauritius",0.746307053236763,0.639820144264053,0.731665490124127,0.684945871531484,0.307528839028468,0.6128386264686
"MYS",104.5,78.48,9.5,126,406,610,22.5,272,593,376,438,65.0563369397219,7,572,327,15.3,1.88,3.4843,89.55501192,32365998,98.5116359762593,90.537343806725,10412.3489834381,436.61203003,47.80334854,7.18368371697719,69.3681971627077,23.4481191203151,1.60274041406359,2.43532570975426,"Asia","South-eastern Asia",4949,"Malaysia",0.726259029388751,0.772821532160686,0.83792396118796,0.955192603913281,0.581345414975641,0.429634691640616
"NAM",58,12.41,23,86.5,487,587,156.5,0,542,323,590,51.5604522613062,116.5,167,38,15,0.376075136156729,1.954,41,2540916,3.08629523011333,100,4179.27806560875,427.25622559,48.44717789,3.58584834930861,59.5729080780273,36.8412435726641,-0.0390723942238292,0.626083479446682,"Africa","Sub-Saharan Africa",7518,"Namibia",0.753586462455336,0.590140995000672,0.761266330267009,0.756360312982174,0.88304771156856,0.547883810093914
"NGA",104.5,2.69,69,52,514,563,73,36,593,548,438,57.0912091503272,39,69,0,7.8,0.733161048056656,1.5007,35.5,206139587,226.335504024068,100,2097.09247289022,71.46572876,71.30365753,2.73806406007727,53.7743252219252,43.4876107179975,0.988643783718383,0.856860848376784,"Africa","Sub-Saharan Africa",177770,"Nigeria",0.631293500708369,0.719986300028473,0.93973973402737,0.795730530240272,0.675410078438478,0.622757799925829
"NIC",144,14.09,169,169.5,0,237,156.5,0,0,0,0,10.9945777027027,57.5,97,0,21.8,0.93,1.5524,45.2,6624554,55.0486455044042,99.9026951322358,1905.26115155921,160.75878906,36.35137177,5.67749919466276,64.8218431006827,29.5006577046545,-2.42453532017807,-4.9964411281633,"Americas","Latin America and the Caribbean",11944,"Nicaragua",0.607438795563076,0.543716993839763,0.889259623570834,0.67967108215376,0.750629123332719,0.527937942783552
"NLD",31,72.06,129,161,0,518,117,96,599,144,290,59.15779771615,24,79,419,23.1,3.17,11.4851,91.33333333,17441500,518.013068013068,99.5981414813269,52396.0322099525,5335.30126953,34.07394028,20.0348213864685,64.2635206145689,15.7016579989626,-0.713224683860031,-0.602548809680471,"Europe","Western Europe",25724,"Netherlands",0.863097148184163,0.847462822935234,0.677007388879153,0.854706157615095,0.719811330532681,0.635720731373331
"NOR",54,77.18,158,169.5,0,407,123,95,564,0,517,50.918243902439,67.5,72,454,25,3.53,18.3493,97,5379475,14.7339340964594,2.04383779996992,67329.6777910967,8007.39794922,14.17993736,17.5265774017425,65.2163222406087,17.2571003576487,-1.63623857203824,-1.15958783735846,"Europe","Northern Europe",-85,"Norway",0.964474944283213,0.919277367655299,0.802312270156788,0.873007260163755,0.488048343227249,0.768896350024056
"NPL",151,29.05,152.5,109,452,452,49.5,118,575,260,259,64.6177863777087,4,132,0,3.8,0.3,3.3047,37.7,29136808,203.256421346355,100,1155.14285440358,53.24640274,63.28133774,5.82814699537437,65.3621391883421,28.8097138162835,-0.23261498771253,-0.14509757466756,"Asia","Southern Asia",31790,"Nepal",0.666184278004994,0.849257324730517,0.979122660391945,0.812137228930608,0.580156436312083,0.742974026694463
"NZL",120.5,72.3,156,159,68,446,56.5,129,206,147,612,40.5949346405229,75,19,261,32,2.57,11.1421,91.5,5084300,19.3091792943679,0,41441.4666667011,4211.04638672,24.43832588,16.368309038572,64.2010039747146,19.4306869867134,-1.27539575810101,-1.7492306197628,"Oceania","Australia and New Zealand",-2763,"New Zealand",0.947519517549836,0.902237653117477,0.705324331299575,0.811245287422407,0.571128926764871,0.618148512707167
"PER",74,58.24,37,10,578,578,9,112,595,526,340,77.6998181818182,33.5,225,277,19.1,1.59,2.9772,65.25,32971846,25.7592546875,99.9629262855861,6126.87453978867,370.10995483,36.91308594,8.72526306831275,66.5825979940346,24.6921389376527,2.5552492211054,1.66531857973337,"Americas","Latin America and the Caribbean",285041,"Peru",0.654004898281597,0.578295064101526,0.706860966929458,0.488462224801911,0.498553388631449,0.483417179036943
"PHL",91,29.68,148,100,445,467,22.5,99,583,536,558,71.2526677067086,14,215,0,6,0.99,5.4439,49.8,109581085,367.512107187175,96.3706587650922,3298.82958569657,142.07876587,58.98740768,5.51164864430335,64.4456728195355,30.0426785361611,0.370853908140258,0.811393721308544,"Asia","South-eastern Asia",175325,"Philippines",0.819433627101849,0.750237961427878,0.749646591981016,0.852583001461327,0.337464465789074,0.7504537231717
"POL",88,53.57,65.5,36.5,204,564,131,38,561,20,0,56.6911367380558,141.5,0,305,25.6,6.54,6.8926,83.18488715,37899070,123.784400823072,99.9661157279646,15742.4537256368,1014.03820801,28.55985451,18.739450673668,66.0428433076874,15.2177060186446,-0.100250071293829,-1.07365143878882,"Europe","Eastern Europe",134957,"Poland",0.601343158554422,0.811198760997597,0.805774591244781,0.712654993232047,0.725427124529299,0.646433931696145
"PRT",23,89.56,104,136,320,547,29.5,100,599,247,172,64.5096721311475,21.5,505,558,23.2,3.45,6.8987,78.26166044,10297081,112.406676011074,16.0083566266812,22194.566114935,2221.43920898,39.02297974,22.7722689742347,64.1737741069202,13.0539569188451,0.686088656282235,1.00969874126869,"Europe","Southern Europe",20548,"Portugal",0.749416388553133,0.752442893203218,0.833832363948301,0.767604091379189,0.559425545191021,0.60504691558943
"PRY",102.5,40.43,150,103.5,441,461,44,98,601,575,604,62.7500662251658,95,33,27,19,0.83,0.7387,73.95751114,7132530,17.9525044047319,99.0583082497181,5001.07276045191,388.39324951,53.99055481,6.81098369192004,64.2955144438067,28.8935018642733,-0.597675300655961,0.69429189719649,"Americas","Latin America and the Caribbean",19564,"Paraguay",0.644140275203767,0.716510586197143,0.759196740531022,0.669459719445649,0.302255511862871,0.584668176772314
"ROU",11,28.62,162,132.5,332,431,156.5,0,599,239,239,57.6003745928338,145.5,153,418,24.5,6.89,6.0922,78.45526741,19257520,83.6992350486787,98.0174648814994,12915.2430513709,738.5581665,19.86136818,19.23091497831,65.2484905802885,15.5205944414015,-2.03124351049571,-0.429123193081075,"Europe","Eastern Europe",105462,"Romania",0.515157135890569,0.650468375117502,0.698620670090895,0.588189440382041,0.487043230152208,0.49377882269619
"RUS",15,38.01,72,41,200,561,78.5,44,594,73,473,49.4120624999999,33.5,414,552,25.7,7.12,4.5333,84.99467026,144104080,8.79924430004024,91.6093290043281,10126.7217935297,653.41723633,38.8480835,15.5089282475307,66.128809931132,18.3622618213373,1.49917490964522,0.550144169022727,"Europe","Eastern Europe",1005975,"Russia",0.695877319941953,0.73466106665401,0.423800805238159,0.535535345545941,0.225898520718944,0.432603236859668
"SLV",60,66.19,54.5,24,572,572,44,73,595,310,0,54.8375675675671,108.5,544,0,22.7,1.2,1.8344,54.60137027,6486201,313.040588803089,100,3798.63652082321,300.05328369,35.87895966,8.65094458161591,64.758468164358,26.590587254026,1.3578095702788,0.958136944135313,"Americas","Latin America and the Caribbean",16710,"El Salvador",0.852612223520484,0.619993056631792,0.749621268717277,0.573391267915929,0.353160936086417,0.560909798063463
"SRB",21,45.89,139.5,120,316,488,44,31,564,53,532,52.2110749185668,71.5,256,448,23.5,5.61,6.0855,78.36804077,6899126,78.8832151840842,100,7730.69174637698,641.02502441,40.00689697,19.0585016934728,65.5743930296653,15.3671052768619,-0.0652455004519072,0.0162359006218239,"Europe","Southern Europe",52196,"Serbia",0.704486040229854,0.664403508015646,0.681654420793201,0.6696198477816,0.549545721119406,0.223020365223284
"SVK",27.5,46.35,93.5,54,468,552,116,25,571,211,494,54.4886280991737,141.5,423,397,22.4,5.7,6.0156,89.9209082,5458827,113.536335274542,100,19266.5135736247,1342.0748291,21.18335342,16.6991352180235,67.7473358143263,15.5535289676503,-0.151012323645284,1.03961951254281,"Europe","Eastern Europe",22101,"Slovakia",0.736570333988158,0.843370884254208,0.751325704721015,0.708838583050998,0.735787155830468,0.558496286481056
"SVN",24,57.19,27.5,129,323,581,37,84,522,174,357,55.9144357366772,87.5,247,347,22.5,4.43,10.2248,86.60130109,2102419,104.408881428657,99.4910252834569,25489.5002284083,2219.10058594,27.62962532,20.7377516789822,64.125818085965,15.1364302350527,0.982768726088188,0.377625597069621,"Europe","Southern Europe",5276,"Slovenia",0.731278897740903,0.853489045175878,0.757505253059276,0.806579328669453,0.489684524386608,0.573219705445675
"SWE",123.5,72.57,168,169.5,0,175,156.5,0,486,0,52,53.2061815336464,33.5,0,445,22.1,2.14,12.5813,94.53943122,10353442,25.4190714689057,3.63648738190616,52274.4087868798,5671.38574219,15.11534023,20.3288061061869,62.0476143560942,17.6235795377188,-2.11943971519728,-3.43306449458291,"Europe","Northern Europe",8984,"Sweden",0.857641701910404,0.919832520798691,0.63927847139829,0.808805164930348,0.656338954392336,0.676957757534188
"THA",162,60.4,50.5,20,473,573,88,56,594,118,304,51.1711094452773,82,32,2,10.8,2.1,3.1522,77.84374066,69799978,136.624279199045,100,7186.87409206525,296.1651001,28.22714996,12.957737608456,70.4897672030785,16.5524951884655,0.751692438946274,-0.0405130457717621,"Asia","South-eastern Asia",9182,"Thailand",0.731549558393477,0.787648342150903,0.952251469633575,0.875115776623807,0.816009062483173,0.787936143923305
"TUN",54,46.89,160,115.5,441,441,49.5,81,476,408,168,60.5040856672158,82,118,47,27.3,2.18,2.5136,71.9,11818618,76.0724639546859,100,3521.59194808639,233.05931091,42.49828339,8.87294869222876,66.8363706453351,24.2906806624361,-0.539144508913656,-0.485526817124868,"Africa","Northern Africa",23290,"Tunisia",0.494071368098219,0.721641871344064,0.813308091398634,0.552243265933495,0.424159686655155,0.448488168266373
"TUR",62.5,65.13,133,89.5,512,512,134,21,593,290,477,64.1245333333337,5,0,435,32.2,2.85,3.0027,77.67,84339067,109.583913049128,100,8536.43331960632,396.46682739,22.08143234,8.98106567861368,67.0768767219111,23.9420575994752,-0.17912994627661,0.501213915283235,"Asia","Western Asia",248937,"Turkey",0.658858719511137,0.761995410808697,0.869197084294378,0.722552968656458,0.565824679024246,0.442200035912387
"TZA",158,0.57,75.5,169.5,0,432,156.5,0,20,0,0,20.5753613445378,169,153,0,7.1,0.7,0.5843,22,59734213,67.4353273876722,100,1076.46970642052,40.34330368,22.97167206,2.64358863792274,53.8019833121445,43.5544280499328,-2.37677978966996,-3.97190456170631,"Africa","Sub-Saharan Africa",38170,"Tanzania",0.911613913545523,0.857937174301007,0.974489260417112,0.75039980439692,0.876174395493953,0.85644589657213
"UGA",133.5,6.06,110.5,63,457,544,56.5,42,586,560,44,68.112983050848,50.5,191,0,4.1,0.5,1.2382,19.9,45741000,228.111909036505,100,822.027681531666,32.40844345,42.86341858,1.9856996152271,51.9984179622456,46.0158824225273,0.341949743853776,0.392596927141136,"Africa","Sub-Saharan Africa",19470,"Uganda",0.831162940798662,0.769017143733965,0.88389945832679,0.54168025811976,0.554874685639943,0.696898076544852
"UKR",140.5,23.57,43.5,12.5,449,576,130,49,594,0,390,60.7029769736844,43,194,55,26.1,7.46,6.661,75.03790912,44134693,76.1730980324474,100,3724.93843689756,248.13348389,54.529953,16.9491433186105,67.0603388750321,15.9905178063575,0.936331568941134,0.106811107471974,"Europe","Eastern Europe",185057,"Ukraine",0.505366859795583,0.786348626717532,0.282260138329536,0.551828765957596,0.109489718234219,0.475063474334057
"URY",58,78.19,126,169.5,0,522,129,16,596,11,103,56.886070234114,114,475,354,28.9,2.43,7.2173,86.1,3473727,19.8476002742544,22.3857446597034,15438.4116657291,1660.95288086,33.39944839,15.0876723291678,64.5772987537892,20.3350289170431,-1.73911295829795,-0.757539255838435,"Americas","Latin America and the Caribbean",2720,"Uruguay",0.860051034173826,0.770131943814555,0.762161992528971,0.760623822243864,0.445122988266261,0.561932567078473
"USA",81.5,66.81,12,16.5,574,601,29.5,104,592,248,0,59.5597996918331,75,597,539,37.3,2.87,15.685,90.9,331501080,36.2398446775156,3.34317037021352,63206.5210767941,10921.01269531,49.15672684,16.6309257142475,64.9973268643096,18.3717474214429,2.19834458813996,1.680459176274,"Americas","Northern America",877392,"United States",0.589487330617488,0.779825421542449,0.713853991983096,0.763981673593646,0.474266510149722,0.563621722513212
"UZB",88,39.78,24.5,4,476,586,44,48,349,141,295,53.6239261744967,28.5,20,0,15.3,3.98,11.2804,71.1,34232050,77.7021030291337,100,1750.69711321291,98.57316589,58.36039734,4.78885619116774,66.4110973900394,28.8000464187928,2.40093547760999,-0.753574655794168,"Asia","Central Asia",42269,"Uzbekistan",0.864543455247648,0.953986440661684,0.926901040547814,0.892623184044608,0.992193762274395,0.866894817903779
"VEN",169,34.58,22,3,591,591,9,439,595,582,0,84.935494137353,48.5,542,0,25.2,0.87,2.0663,61.6,28435943,32.2384706082422,99.9336624316864,16055.6453173826,338.82537842,53.91928101,7.97269933752849,64.7646253297763,27.2626753326952,2.20580087856181,2.75097334702941,"Americas","Latin America and the Caribbean",21549,"Venezuela",0.568589806311029,0.594256169901217,0.939330381706193,0.470085512539458,0.357042704107729,0.536405933089161
"ZAF",145,25.53,32,58.5,549,579,60,36,577,544,604,56.696619273302,121.5,454,25,27,2.3,1.3078,70,59308690,48.8905934431905,100,5655.86765390396,546.68841553,40.13647079,5.50943883602892,65.6894360674633,28.8011250965078,0.58009521862784,1.7568651970835,"Africa","Sub-Saharan Africa",225187,"South Africa",0.832050662550752,0.554947172310844,0.858157823424816,0.682925376957674,0.303519386758771,0.440839781041723
"ZMB",67,1.64,65.5,36.5,557,564,105,6,406,23,311,44.7400168634066,128.5,200,0,6.5,2,1.0227,19.8,18383956,24.7298941336311,100,985.132436038869,69.32437897,16.21423721,2.1320221900021,53.8505887334907,44.0173890765072,0.348294273997705,-0.551884271172082,"Africa","Sub-Saharan Africa",22535,"Zambia",0.753220785935776,0.665084410961253,0.75909285188835,0.8106661271144,0.567030031323391,0.636081641642825
"ZWE",43,21.97,106.5,61,519,546,78.5,123,581,496,0,69.3378849407782,163,223,0,12.3,1.7,1.9346,29.3,14862927,38.4203877471888,100,1214.50982023534,103.02827223,52.81442505,3.01417809846838,55.0747215016372,41.9111003998944,-0.266675834029769,0.67259517903457,"Africa","Sub-Saharan Africa",17036,"Zimbabwe",0.809024302331335,0.615565179799266,0.824337886624177,0.780165491337462,0.52910582644558,0.463653746155675
